name,reviews,competitors,website,owner_name,rating,link,domain
Adult Love Boutique,194,,https://www.adultloveboutiquesm.com/%3Futm_source%3Dgoogle%26utm_medium%3Dgmb%26utm_campaign%3Dseo,Adult Love Boutique (Sahibi),4.9,https://www.google.com/maps/place/Adult+Love+Boutique/data=!4m7!3m6!1s0x80c2bb34ca12e631:0x5f9b372faee855e3!8m2!3d34.0238536!4d-118.4861956!16s%2Fg%2F1td4876h!19sChIJMeYSyjS7woAR41Xori83m18?authuser=0&hl=tr&rclk=1,
Lovers,192,"Name: Bras n Things Culver City
link: https://www.google.com/maps/search/Bras+n+Things+Culver+City/@33.9862323,-118.3922257?authuser=0&hl=tr&entry=ttu
Reviews: 3 reviews

Name: Amor Lingerie Sex Shop
link: https://www.google.com/maps/search/Amor+Lingerie+Sex+Shop/@34.042302,-118.30834200000001?authuser=0&hl=tr&entry=ttu
Reviews: 51 reviews

Name: Adult Love Boutique
link: https://www.google.com/maps/search/Adult+Love+Boutique/@34.023853599999995,-118.48619559999999?authuser=0&hl=tr&entry=ttu
Reviews: 192 reviews

Name: Cupid's Closet LAX Adult Store & Sex Shop
link: https://www.google.com/maps/search/Cupid%27s+Closet+LAX+Adult+Store+%26+Sex+Shop/@33.9618484,-118.4206687?authuser=0&hl=tr&entry=ttu
Reviews: 91 reviews

Name: Victoria's Secret
link: https://www.google.com/maps/search/Victoria%27s+Secret/@33.985886,-118.392872?authuser=0&hl=tr&entry=ttu
Reviews: 792 reviews",https://locations.loversstores.com/ca/culver-city/5901-s-sepulveda-blvd/,Lovers (Sahibi),4.7,https://www.google.com/maps/place/Lovers/data=!4m7!3m6!1s0x80c2b0ad1a1ebe51:0x1c53070cb3fc60fd!8m2!3d33.98644!4d-118.396035!16s%2Fg%2F1vr1wx40!19sChIJUb4eGq2wwoAR_WD8swwHUxw?authuser=0&hl=tr&rclk=1,
Stan's Adult Store,191,,http://romanceattack.biz/,Stan's Adult Store (Sahibi),4.5,https://www.google.com/maps/place/Stan%27s+Adult+Store/data=!4m7!3m6!1s0x80c32a55bb183bbf:0x6cc1912a9691c9c4!8m2!3d33.9949272!4d-117.8818987!16s%2Fg%2F1td6yczt!19sChIJvzsYu1Uqw4ARxMmRliqRwWw?authuser=0&hl=tr&rclk=1,
Broadway Erotic Store,170,,http://broadwayerotic.com/,Broadway Erotic Store (Sahibi),5,https://www.google.com/maps/place/Broadway+Erotic+Store/data=!4m7!3m6!1s0x80c2c79f77ed65e1:0x48c2b14b15294d42!8m2!3d34.0476737!4d-118.2516002!16s%2Fg%2F11hpdvzjh9!19sChIJ4WXtd5_HwoARQk0pFUuxwkg?authuser=0&hl=tr&rclk=1,
Lovers,167,"Name: Bras N Things Los Cerritos
link: https://www.google.com/maps/search/Bras+N+Things+Los+Cerritos/@33.8620386,-118.09345569999999?authuser=0&hl=tr&entry=ttu
Reviews: 4 reviews

Name: Love Stuff Adult Superstore
link: https://www.google.com/maps/search/Love+Stuff+Adult+Superstore/@33.7604257,-118.1356349?authuser=0&hl=tr&entry=ttu
Reviews: 13 reviews

Name: Intimissimi
link: https://www.google.com/maps/search/Intimissimi/@33.8629026,-118.0948085?authuser=0&hl=tr&entry=ttu
Reviews: 9 reviews

Name: Romantix
link: https://www.google.com/maps/search/Romantix/@33.76751960000001,-118.1712136?authuser=0&hl=tr&entry=ttu
Reviews: 34 reviews

Name: Purple Onion Exotic Lingerie
link: https://www.google.com/maps/search/Purple+Onion+Exotic+Lingerie/@33.8325671,-118.09826899999999?authuser=0&hl=tr&entry=ttu
Reviews: 36 reviews",https://locations.loversstores.com/ca/cerritos/11332-south-st/,Lovers (Sahibi),4.5,https://www.google.com/maps/place/Lovers/data=!4m7!3m6!1s0x80dd2d9e1af18ee3:0xec32ea2124f98c9c!8m2!3d33.8570236!4d-118.0923391!16s%2Fg%2F1tfv5fd9!19sChIJ447xGp4t3YARnIz5JCHqMuw?authuser=0&hl=tr&rclk=1,
Lovers,152,"Name: Honey Birdette
link: https://www.google.com/maps/search/Honey+Birdette/@33.9153422,-117.88645090000001?authuser=0&hl=tr&entry=ttu
Reviews: 4 reviews

Name: Romance Boutique Secrets
link: https://www.google.com/maps/search/Romance+Boutique+Secrets/@34.0674711,-117.69048649999999?authuser=0&hl=tr&entry=ttu
Reviews: 147 reviews

Name: Victoria's Secret & PINK by Victoria's Secret
link: https://www.google.com/maps/search/Victoria%27s+Secret+%26+PINK+by+Victoria%27s+Secret/@33.9155363,-117.88573419999999?authuser=0&hl=tr&entry=ttu
Reviews: 382 reviews

Name: The Love Store
link: https://www.google.com/maps/search/The+Love+Store/@33.713280399999995,-117.88576420000001?authuser=0&hl=tr&entry=ttu
Reviews: 15 reviews

Name: SOMA
link: https://www.google.com/maps/search/SOMA/@33.9159937,-117.88748090000001?authuser=0&hl=tr&entry=ttu
Reviews: 7 reviews",https://locations.loversstores.com/ca/brea/690-e-imperial-hwy/,Lovers (Sahibi),4.7,https://www.google.com/maps/place/Lovers/data=!4m7!3m6!1s0x80dcd50eb9658771:0x4d12d2ef2e944403!8m2!3d33.914064!4d-117.894484!16s%2Fg%2F1tmxwx1g!19sChIJcYdluQ7V3IARA0SULu_SEk0?authuser=0&hl=tr&rclk=1,
Suzie's Adult Superstore,151,,http://suzies.com/,Suzie's Adult Superstore (Sahibi),4.7,https://www.google.com/maps/place/Suzie%27s+Adult+Superstore/data=!4m7!3m6!1s0x80946755bf36613d:0xca896e097a5844db!8m2!3d36.7590151!4d-119.7908826!16s%2Fg%2F1tf8tblj!19sChIJPWE2v1VnlIAR20RYegluico?authuser=0&hl=tr&rclk=1,
Golden Dreams,136,,https://goldendreams1.com/,Golden Dreams (Sahibi),4.6,https://www.google.com/maps/place/Golden+Dreams/data=!4m7!3m6!1s0x809142ff394de8c7:0x232cf8f84f9fc776!8m2!3d37.2998676!4d-120.4803976!16s%2Fg%2F1q5gpz98j!19sChIJx-hNOf9CkYARdsefT_j4LCM?authuser=0&hl=tr&rclk=1,
Suzies Adult Superstore,133,,http://suzies.com/,Suzies Adult Superstore (Sahibi),4.8,https://www.google.com/maps/place/Suzies+Adult+Superstore/data=!4m7!3m6!1s0x80900cc78c18ef4f:0xbd301217ed96d145!8m2!3d38.0204898!4d-121.2758514!16s%2Fg%2F1tk8nv9_!19sChIJT-8YjMcMkIARRdGW7RcSML0?authuser=0&hl=tr&rclk=1,
Suzie's Adult Superstore,108,,http://suzies.com/,Suzie's Adult Superstore (Sahibi),4.8,https://www.google.com/maps/place/Suzie%27s+Adult+Superstore/data=!4m7!3m6!1s0x809aded0ce479c1b:0x6cc9301d420c346!8m2!3d38.6621226!4d-121.3447693!16s%2Fg%2F11h1skvsw!19sChIJG5xHztDemoARRsMg1AGTzAY?authuser=0&hl=tr&rclk=1,
Cupid's Closet LAX Adult Store & Sex Shop,91,,http://cupidscloset.com/,Cupid's Closet LAX Adult Store & Sex Shop (Sahibi),4.5,https://www.google.com/maps/place/Cupid%27s+Closet+LAX+Adult+Store+%26+Sex+Shop/data=!4m7!3m6!1s0x80c2b0eb36444ad7:0x83e55d8534079d3d!8m2!3d33.9618484!4d-118.4206687!16s%2Fg%2F1ptxwtmys!19sChIJ10pENuuwwoARPZ0HNIVd5YM?authuser=0&hl=tr&rclk=1,
Adult Warehouse Outlet Panorama,83,,http://www.adultwarehouseoutlet.com/,Adult Warehouse Outlet Panorama (Sahibi),4.7,https://www.google.com/maps/place/Adult+Warehouse+Outlet+Panorama/data=!4m7!3m6!1s0x80c295cbb89d8a19:0xb87f432d91e14e30!8m2!3d34.2187879!4d-118.4482773!16s%2Fg%2F1q2w0v5qc!19sChIJGYqduMuVwoARME7hkS1Df7g?authuser=0&hl=tr&rclk=1,
The Love Store,78,,http://www.thelovestore.com/,The Love Store (Sahibi),3.6,https://www.google.com/maps/place/The+Love+Store/data=!4m7!3m6!1s0x80c3661512a058ff:0x6dbfd3e30f886948!8m2!3d34.4746197!4d-117.3415924!16s%2Fg%2F11f01vhf8q!19sChIJ_1igEhVmw4ARSGmID-PTv20?authuser=0&hl=tr&rclk=1,
Naughty or Nice Boutique,78,,http://naughty-or-nice-boutique.mybigcommerce.com/login.php,Naughty or Nice Boutique (Sahibi),4.6,https://www.google.com/maps/place/Naughty+or+Nice+Boutique/data=!4m7!3m6!1s0x80853d53f74ea50d:0x7d4443df65049799!8m2!3d46.423669!4d-129.9427086!16s%2Fg%2F1v2yz2c6!19sChIJDaVO91M9hYARmZcEZd9DRH0?authuser=0&hl=tr&rclk=1,
Suzie's Adult Superstore,75,,http://suzies.com/,Suzie's Adult Superstore (Sahibi),4.6,https://www.google.com/maps/place/Suzie%27s+Adult+Superstore/data=!4m7!3m6!1s0x809acf921882269d:0xe4208bd2bb3706dc!8m2!3d38.4964766!4d-121.4584506!16s%2Fg%2F1v_w2m0y!19sChIJnSaCGJLPmoAR3AY3u9KLIOQ?authuser=0&hl=tr&rclk=1,
Romantix,70,,https://www.romantix.com/s/,Romantix (Sahibi),4.9,https://www.google.com/maps/place/Romantix/data=!4m7!3m6!1s0x80dcd9ca6ad51ba9:0x742417a011df67a1!8m2!3d33.7933342!4d-117.8354444!16s%2Fg%2F11g1_6l2dt!19sChIJqRvVasrZ3IARoWffEaAXJHQ?authuser=0&hl=tr&rclk=1,
The Toy Box,64,,http://toyboxupland.com/,The Toy Box (Sahibi),4.6,https://www.google.com/maps/place/The+Toy+Box/data=!4m7!3m6!1s0x80c3319fd874aff7:0x93fb8812e12dc30d!8m2!3d34.0999736!4d-117.6903946!16s%2Fg%2F1vs1s4j4!19sChIJ96902J8xw4ARDcMt4RKI-5M?authuser=0&hl=tr&rclk=1,
"Shop Sex Toys Here - The ""Y Not""",63,,http://they-not.com/,"Shop Sex Toys Here - The ""Y Not"" (Sahibi)",4.2,https://www.google.com/maps/place/Shop+Sex+Toys+Here+-+The+%22Y+Not%22/data=!4m7!3m6!1s0x808fcb3ea02e2a6b:0xa07911019da05d7f!8m2!3d37.323603!4d-121.930111!16s%2Fg%2F1thsg4qb!19sChIJayouoD7Lj4ARf12gnQEReaA?authuser=0&hl=tr&rclk=1,
Spanky's Adult Emporium,59,,http://www.spankysonline.com/,Spanky's Adult Emporium (Sahibi),4,https://www.google.com/maps/place/Spanky%27s+Adult+Emporium/data=!4m7!3m6!1s0x80dcd879eeff23e9:0xb032bcb7e3629f04!8m2!3d33.7465443!4d-117.9198526!16s%2Fg%2F1ttq2dpr!19sChIJ6SP_7nnY3IARBJ9i47e8MrA?authuser=0&hl=tr&rclk=1,
Diamond Adult World,56,,http://diamondadult.com/,Diamond Adult World (Sahibi),4.5,https://www.google.com/maps/place/Diamond+Adult+World/data=!4m7!3m6!1s0x80ece9d5bfb9e94d:0x940f6434dcac86fb!8m2!3d35.4844875!4d-120.6616749!16s%2Fg%2F1tnhyn7n!19sChIJTem5v9Xp7IAR-4as3DRkD5Q?authuser=0&hl=tr&rclk=1,
Andy's Adult World,54,,http://www.andysadultworld.com/,Andy's Adult World (Sahibi),4.2,https://www.google.com/maps/place/Andy%27s+Adult+World/data=!4m7!3m6!1s0x80c2cf0c51f9f07f:0x5fde2ddf12865cad!8m2!3d34.0223646!4d-118.1674665!16s%2Fg%2F1tdlhkq0!19sChIJf_D5UQzPwoARrVyGEt8t3l8?authuser=0&hl=tr&rclk=1,
Amor Lingerie Sex Shop,51,,http://amorsexstore.com/,Amor Lingerie Sex Shop (Sahibi),4,https://www.google.com/maps/place/Amor+Lingerie+Sex+Shop/data=!4m7!3m6!1s0x80c2b87a903107dd:0xab745dbe21edcd6b!8m2!3d34.042302!4d-118.308342!16s%2Fg%2F11ckr45j7w!19sChIJ3QcxkHq4woARa83tIb5ddKs?authuser=0&hl=tr&rclk=1,
Exotic Zone Shop,50,,https://exoticzoneshop.com/,Exotic Zone Shop (Sahibi),4.7,https://www.google.com/maps/place/Exotic+Zone+Shop/data=!4m7!3m6!1s0x80c2ca89be123f23:0x9f8c0b55f9ad7fc1!8m2!3d33.8923737!4d-118.2838151!16s%2Fg%2F1td0gsgk!19sChIJIz8SvonKwoARwX-t-VULjJ8?authuser=0&hl=tr&rclk=1,
Amor Lingerie Sex shop,49,,http://amorlingerie.com/,Amor Lingerie Sex shop (Sahibi),4,https://www.google.com/maps/place/Amor+Lingerie+Sex+shop/data=!4m7!3m6!1s0x80c2c91bc20663a9:0x46d8ceca54d34f26!8m2!3d33.9812878!4d-118.236541!16s%2Fg%2F1thzp4zb!19sChIJqWMGwhvJwoARJk_TVMrO2EY?authuser=0&hl=tr&rclk=1,
Camouflage,46,,https://shop-camouflage.com/,Camouflage (Sahibi),4.5,https://www.google.com/maps/place/Camouflage/data=!4m7!3m6!1s0x808e402623dad581:0xb2a4d8d0e7edf132!8m2!3d36.9739175!4d-122.026222!16s%2Fg%2F1vwlpc7w!19sChIJgdXaIyZAjoARMvHt59DYpLI?authuser=0&hl=tr&rclk=1,
Secrets Love Boutique,45,,https://secretsloveboutique.com/,Secrets Love Boutique (Sahibi),4.5,https://www.google.com/maps/place/Secrets+Love+Boutique/data=!4m7!3m6!1s0x809adedfecf61247:0x3569e24f4c2baeda!8m2!3d38.6757395!4d-121.2920217!16s%2Fg%2F1wn_6c1p!19sChIJRxL27N_emoAR2q4rTE_iaTU?authuser=0&hl=tr&rclk=1,
Suzie's Adult Superstore,43,,http://suzies.com/,Suzie's Adult Superstore (Sahibi),4.2,https://www.google.com/maps/place/Suzie%27s+Adult+Superstore/data=!4m7!3m6!1s0x809053f3efde26a9:0x3add290849686131!8m2!3d37.646433!4d-120.994041!16s%2Fg%2F1tf48d4s!19sChIJqSbe7_NTkIARMWFoSQgp3To?authuser=0&hl=tr&rclk=1,
Temporary Satisfaction | Long Beach's Sexual Wellness,41,,https://www.temporarysatisfaction.com/,Temporary Satisfaction | Long Beach's Sexual Wellness (Sahibi),4.3,https://www.google.com/maps/place/Temporary+Satisfaction+%7C+Long+Beach%E2%80%99s+Sexual+Wellness/data=!4m7!3m6!1s0x80dd31a428fda45f:0x9bb4744c781dbc01!8m2!3d33.7751957!4d-118.1531392!16s%2Fg%2F1thnp268!19sChIJX6T9KKQx3YARAbwdeEx0tJs?authuser=0&hl=tr&rclk=1,
Goldies Boutique,41,,http://www.secretsboutiques.com/,Goldies Boutique (Sahibi),4.2,https://www.google.com/maps/place/Goldies+Boutique/data=!4m7!3m6!1s0x809ad72c6514c29b:0x5490889914c7aec5!8m2!3d38.5904967!4d-121.4851306!16s%2Fg%2F1v9409pz!19sChIJm8IUZSzXmoARxa7HFJmIkFQ?authuser=0&hl=tr&rclk=1,
Cupid's Closet Brentwood Adult Store & Sex Shop,37,,https://cupidscloset.com/,Cupid's Closet Brentwood Adult Store & Sex Shop (Sahibi),4.4,https://www.google.com/maps/place/Cupid%27s+Closet+Brentwood+Adult+Store+%26+Sex+Shop/data=!4m7!3m6!1s0x80c2bbfce84247e9:0xecd15bca1c602f76!8m2!3d34.0434796!4d-118.4686335!16s%2Fg%2F11h9n80qrv!19sChIJ6UdC6Py7woARdi9gHMpb0ew?authuser=0&hl=tr&rclk=1,
Good Vibrations Valencia,36,,https://www.goodvibes.com/s/content/c/Good-Vibes-Store-Locations,Good Vibrations Valencia (Sahibi),3.9,https://www.google.com/maps/place/Good+Vibrations+Valencia/data=!4m7!3m6!1s0x808f7e22ed123e95:0xd6d3ac593faa0175!8m2!3d37.7630957!4d-122.4214958!16s%2Fg%2F1tdr3k1x!19sChIJlT4S7SJ-j4ARdQGqP1ms09Y?authuser=0&hl=tr&rclk=1,
Red Hot Thrillz Adult Store and Smoke Shop,33,,http://www.redhotthrillz.com/,Red Hot Thrillz Adult Store and Smoke Shop (Sahibi),4.9,https://www.google.com/maps/place/Red+Hot+Thrillz+Adult+Store+and+Smoke+Shop/data=!4m7!3m6!1s0x80ea693cda64263b:0xd9c7c5c94babe3fe!8m2!3d35.3694019!4d-119.0379412!16s%2Fg%2F11kbbf54g6!19sChIJOyZk2jxp6oAR_uOrS8nFx9k?authuser=0&hl=tr&rclk=1,
Romantix,31,,https://www.romantix.com/s/,Romantix (Sahibi),4.3,https://www.google.com/maps/place/Romantix/data=!4m7!3m6!1s0x80c295f57024431b:0x8e08a01ac5327ad6!8m2!3d34.1594866!4d-118.3717559!16s%2Fg%2F1tcww_0f!19sChIJG0MkcPWVwoAR1noyxRqgCI4?authuser=0&hl=tr&rclk=1,
Talk of the Valley Adult Superstore,29,,http://suzies.com/,Talk of the Valley Adult Superstore (Sahibi),4.2,https://www.google.com/maps/place/Talk+of+the+Valley+Adult+Superstore/data=!4m7!3m6!1s0x80c29062043c400b:0x7e22490a3a8124e2!8m2!3d34.2570688!4d-118.4693858!16s%2Fg%2F1tgln4kc!19sChIJC0A8BGKQwoAR4iSBOgpJIn4?authuser=0&hl=tr&rclk=1,
FunZone Gifts,27,,http://funzonelancaster.com/,FunZone Gifts (Sahibi),3.8,https://www.google.com/maps/place/FunZone+Gifts/data=!4m7!3m6!1s0x80c25abe0f527711:0x9e0500b9a32d1b5a!8m2!3d34.7048017!4d-118.1492268!16s%2Fg%2F1thw_q07!19sChIJEXdSD75awoARWhsto7kABZ4?authuser=0&hl=tr&rclk=1,
Couples M.O.,26,,http://www.couplesmo.com/,Couples M.O. (Sahibi),4.3,https://www.google.com/maps/place/Couples+M.O./data=!4m7!3m6!1s0x80dd29ce9ee398e7:0xc0b8aa38c421df8e!8m2!3d33.819685!4d-117.9406554!16s%2Fg%2F1v2pqj5g!19sChIJ55jjns4p3YARjt8hxDiquMA?authuser=0&hl=tr&rclk=1,
Adult Factory Outlet,24,,http://adultfactoryoutlet.com/,Adult Factory Outlet (Sahibi),4.6,https://www.google.com/maps/place/Adult+Factory+Outlet/data=!4m7!3m6!1s0x80c291ebdb2d3f1b:0xdf330b8c4220f887!8m2!3d34.294232!4d-118.4154944!16s%2Fg%2F1tf07y17!19sChIJGz8t2-uRwoARh_ggQowLM98?authuser=0&hl=tr&rclk=1,
Wild Willy's,24,,http://wildwillysworld.com/,Wild Willy's (Sahibi),4,https://www.google.com/maps/place/Wild+Willy%27s/data=!4m7!3m6!1s0x8094d886b5b55857:0x11e5f4ddd866b707!8m2!3d36.3457904!4d-119.4240761!16s%2Fg%2F1tfrml6v!19sChIJV1i1tYbYlIARB7dm2N305RE?authuser=0&hl=tr&rclk=1,
Secrets of Hollywood,23,,http://www.adultmegastores.com/,Secrets of Hollywood (Sahibi),3.2,https://www.google.com/maps/place/Secrets+of+Hollywood/data=!4m7!3m6!1s0x80c2b8ad3e054b5b:0x1dfe49916744488b!8m2!3d34.0912989!4d-118.3093534!16s%2Fg%2F1tfv0tf2!19sChIJW0sFPq24woARi0hEZ5FJ_h0?authuser=0&hl=tr&rclk=1,
Secrets Boutique - Stockton,22,,http://www.secretsboutiques.com/,Secrets Boutique - Stockton (Sahibi),4,https://www.google.com/maps/place/Secrets+Boutique+-+Stockton/data=!4m7!3m6!1s0x80900d5b09f50a43:0x7cda506bc6361a88!8m2!3d37.9700776!4d-121.2778504!16s%2Fg%2F1tdv_3nj!19sChIJQwr1CVsNkIARiBo2xmtQ2nw?authuser=0&hl=tr&rclk=1,
Exclusive Touch,21,,http://www.myexclusivetouch.com/,Exclusive Touch (Sahibi),5,https://www.google.com/maps/place/Exclusive+Touch/data=!4m7!3m6!1s0x80c2d2dbac753f75:0xb971744ef20d2c94!8m2!3d33.9184153!4d-118.0741758!16s%2Fg%2F1tf366r3!19sChIJdT91rNvSwoARlCwN8k50cbk?authuser=0&hl=tr&rclk=1,
Not Too Naughty,21,,http://www.secretsboutiques.com/,Not Too Naughty (Sahibi),3.2,https://www.google.com/maps/place/Not+Too+Naughty/data=!4m7!3m6!1s0x808fe79f3e9ecd31:0x958d79180ae90401!8m2!3d37.6812059!4d-121.7697182!16s%2Fg%2F1tplqkhs!19sChIJMc2ePp_nj4ARAQTpChh5jZU?authuser=0&hl=tr&rclk=1,
Excitement Love Boutique,20,,http://www.excitementgirl.net/,Excitement Love Boutique (Sahibi),4.8,https://www.google.com/maps/place/Excitement+Love+Boutique/data=!4m7!3m6!1s0x80c29947a033d2a9:0x6a914538a4aa126!8m2!3d34.1724857!4d-118.5656822!16s%2Fg%2F1td_hhvc!19sChIJqdIzoEeZwoARJqFKilMUqQY?authuser=0&hl=tr&rclk=1,
Secrets Boutique - El Cerrito,20,,http://www.secretsboutiques.com/,Secrets Boutique - El Cerrito (Sahibi),3.2,https://www.google.com/maps/place/Secrets+Boutique+-+El+Cerrito/data=!4m7!3m6!1s0x80857902ceb844f3:0xa0850e008c2bae82!8m2!3d37.9111986!4d-122.3088866!16s%2Fg%2F11b6v4nk2f!19sChIJ80S4zgJ5hYARgq4rjAAOhaA?authuser=0&hl=tr&rclk=1,
Secrets Boutique - Redwood City,19,,http://www.secretsboutiques.com/,Secrets Boutique - Redwood City (Sahibi),3.7,https://www.google.com/maps/place/Secrets+Boutique+-+Redwood+City/data=!4m7!3m6!1s0x808fa24cf6839327:0x72b825ea54d17dae!8m2!3d37.4867204!4d-122.2352203!16s%2Fg%2F1w0sd2zs!19sChIJJ5OD9kyij4ARrn3RVOoluHI?authuser=0&hl=tr&rclk=1,
Passion City Adult Store and Gifts,19,,http://passioncityadult.com/,Passion City Adult Store and Gifts (Sahibi),3.6,https://www.google.com/maps/place/Passion+City+Adult+Store+and+Gifts/data=!4m7!3m6!1s0x80dd26ebe6c981bd:0x8e8ae2fce9bf182a!8m2!3d33.7033014!4d-117.9896382!16s%2Fg%2F1tnct62q!19sChIJvYHJ5usm3YARKhi_6fziio4?authuser=0&hl=tr&rclk=1,
Secrets Boutique - Santa Rosa,19,,http://www.secretsboutiques.com/,Secrets Boutique - Santa Rosa (Sahibi),3.2,https://www.google.com/maps/place/Secrets+Boutique+-+Santa+Rosa/data=!4m7!3m6!1s0x808449d418027745:0xfb6e01bf75da0553!8m2!3d38.3970652!4d-122.7137458!16s%2Fg%2F1tdmkq4j!19sChIJRXcCGNRJhIARUwXadb8Bbvs?authuser=0&hl=tr&rclk=1,
Talk of the Valley Adult Superstore,19,,http://suzies.com/,Talk of the Valley Adult Superstore (Sahibi),3.8,https://www.google.com/maps/place/Talk+of+the+Valley+Adult+Superstore/data=!4m7!3m6!1s0x80c297cfb88a28a9:0xf3d1c3854ae84423!8m2!3d34.1508529!4d-118.4491973!16s%2Fg%2F11c1qmwp5t!19sChIJqSiKuM-XwoARI0ToSoXD0fM?authuser=0&hl=tr&rclk=1,
Spearmint Rhino Superstore,19,,https://spearmintrhinosuperstore.com/,Spearmint Rhino Superstore (Sahibi),4.2,https://www.google.com/maps/place/Spearmint+Rhino+Superstore/data=!4m7!3m6!1s0x80c2d6707988d1ef:0xc41963d844f817b0!8m2!3d34.0233714!4d-117.959603!16s%2Fg%2F11c48c9bxw!19sChIJ79GIeXDWwoARsBf4RNhjGcQ?authuser=0&hl=tr&rclk=1,
Good Vibrations Oakland,19,,http://www.goodvibes.com/,Good Vibrations Oakland (Sahibi),4.1,https://www.google.com/maps/place/Good+Vibrations+Oakland/data=!4m7!3m6!1s0x808f874179c3777b:0xea1cad333485db21!8m2!3d37.8104625!4d-122.2457844!16s%2Fg%2F12hm2gx7c!19sChIJe3fDeUGHj4ARIduFNDOtHOo?authuser=0&hl=tr&rclk=1,
Lovers Outlet,18,,https://loversoutlet.business.site/,Lovers Outlet (Sahibi),4.1,https://www.google.com/maps/place/Lovers+Outlet/data=!4m7!3m6!1s0x8091e3d9231c93e1:0x46facb963755b42f!8m2!3d37.0271267!4d-121.5666151!16s%2Fg%2F11clyyp3js!19sChIJ4ZMcI9njkYARL7RVN5bL-kY?authuser=0&hl=tr&rclk=1,
Secrets Boutique - Fairfield,18,,http://secretsboutiques.com/,Secrets Boutique - Fairfield (Sahibi),3.1,https://www.google.com/maps/place/Secrets+Boutique+-+Fairfield/data=!4m7!3m6!1s0x80853e5daef2d119:0x1b1bc414b09dd496!8m2!3d38.2731737!4d-121.9554181!16s%2Fg%2F1tjg_lfs!19sChIJGdHyrl0-hYARltSdsBTEGxs?authuser=0&hl=tr&rclk=1,
Adult Emporium,18,,http://adultemporiumsd.com/,Adult Emporium (Sahibi),3.4,https://www.google.com/maps/place/Adult+Emporium/data=!4m7!3m6!1s0x80d954f7134f5687:0xeb7b946d58e575b4!8m2!3d32.751996!4d-117.130344!16s%2Fg%2F11d_t_4gqy!19sChIJh1ZPE_dU2YARtHXlWG2Ue-s?authuser=0&hl=tr&rclk=1,
Secret Desires,17,,http://suzies.com/,Secret Desires (Sahibi),4.1,https://www.google.com/maps/place/Secret+Desires/data=!4m7!3m6!1s0x14e1ba855126afd5:0x25eb3eeb5e9035fb!8m2!3d34.008386!4d-118.4785313!16s%2Fg%2F11b6_cpt3h!19sChIJ1a8mUYW64RQR-zWQXus-6yU?authuser=0&hl=tr&rclk=1,
Adult Video Entertainment Center,17,,https://www.instagram.com/adultvec,Adult Video Entertainment Center (Sahibi),3.4,https://www.google.com/maps/place/Adult+Video+Entertainment+Center/data=!4m7!3m6!1s0x80c2b6f3efc20a2d:0xb6850eda66b0068!8m2!3d33.9426337!4d-118.3528747!16s%2Fg%2F1tgnmbbx!19sChIJLQrC7_O2woARaABrpu1QaAs?authuser=0&hl=tr&rclk=1,
Mission Secrets,17,,http://www.secretsboutiques.com/,Mission Secrets (Sahibi),4.1,https://www.google.com/maps/place/Mission+Secrets/data=!4m7!3m6!1s0x808f7e236aecaeeb:0x30940b1d6eceab8f!8m2!3d37.7637287!4d-122.4197552!16s%2Fg%2F1tdw88z2!19sChIJ667saiN-j4ARj6vObh0LlDA?authuser=0&hl=tr&rclk=1,
Couples M.O.,16,,http://www.couplesmo.com/,Couples M.O. (Sahibi),4.4,https://www.google.com/maps/place/Couples+M.O./data=!4m7!3m6!1s0x80dd4a72062d4ff5:0xe574255e6109fd3d!8m2!3d33.7892425!4d-118.3102727!16s%2Fg%2F11bbrpwbkh!19sChIJ9U8tBnJK3YARPf0JYV4ldOU?authuser=0&hl=tr&rclk=1,
Roy's Adult Fantasy Outlet,15,,http://roysadultfantasy.com/,Roy's Adult Fantasy Outlet (Sahibi),4.1,https://www.google.com/maps/place/Roy%27s+Adult+Fantasy+Outlet/data=!4m7!3m6!1s0x80d9491bf85d5eb3:0x62ecf9502dde7e8a!8m2!3d32.5477734!4d-117.0345738!16s%2Fg%2F11x9wy091!19sChIJs15d-BtJ2YARin7eLVD57GI?authuser=0&hl=tr&rclk=1,
The Love Store,15,,https://thelovestore.com/,The Love Store (Sahibi),3.5,https://www.google.com/maps/place/The+Love+Store/data=!4m7!3m6!1s0x80dcd9d7679073f1:0x6bddcd6c38e80d06!8m2!3d33.7132804!4d-117.8857642!16s%2Fg%2F11pk9z3cd8!19sChIJ8XOQZ9fZ3IARBg3oOGzN3Ws?authuser=0&hl=tr&rclk=1,
Diamond Adult World,15,,http://www.diamondadult.com/,Diamond Adult World (Sahibi),3.3,https://www.google.com/maps/place/Diamond+Adult+World/data=!4m7!3m6!1s0x80ec5ecac5c000a7:0xf9df8b56823fe0a3!8m2!3d35.121253!4d-120.6192!16s%2Fg%2F1tcx79z6!19sChIJpwDAxcpe7IARo-A_glaL3_k?authuser=0&hl=tr&rclk=1,
Not Too Naughty,14,,http://www.secretsboutiques.com/,Not Too Naughty (Sahibi),3.5,https://www.google.com/maps/place/Not+Too+Naughty/data=!4m7!3m6!1s0x808f91d2290c5a8d:0xeffc2bf6a916d1be!8m2!3d37.7022319!4d-122.1237411!16s%2Fg%2F1tgn9vq5!19sChIJjVoMKdKRj4ARvtEWqfYr_O8?authuser=0&hl=tr&rclk=1,
Secrets Boutique - San Jose,14,,http://www.secretsboutiques.com/,Secrets Boutique - San Jose (Sahibi),3.6,https://www.google.com/maps/place/Secrets+Boutique+-+San+Jose/data=!4m7!3m6!1s0x808fcb38b1279a9f:0x13cfb2e360d5d872!8m2!3d37.3232322!4d-121.9255446!16s%2Fg%2F1tm6951d!19sChIJn5onsTjLj4ARctjVYOOyzxM?authuser=0&hl=tr&rclk=1,
Pleasure Island,14,,http://www.xxxpleasureisland.net/,Pleasure Island (Sahibi),4.4,https://www.google.com/maps/place/Pleasure+Island/data=!4m7!3m6!1s0x80c2b4e47a075c11:0x320e56cca69ced1c!8m2!3d33.8633232!4d-118.3520889!16s%2Fg%2F1tdfnjft!19sChIJEVwHeuS0woARHO2cpsxWDjI?authuser=0&hl=tr&rclk=1,
"Ooh La La- Adult Toys, Books, Games & Lingerie",14,,http://www.oohlalamonterey.com/,"Ooh La La- Adult Toys, Books, Games & Lingerie (Sahibi)",4.1,"https://www.google.com/maps/place/Ooh+La+La-+Adult+Toys,+Books,+Games+%26+Lingerie/data=!4m7!3m6!1s0x808de6ab1739bce7:0xa9a631a9cd37e30c!8m2!3d36.615268!4d-121.902802!16s%2Fg%2F11rcrvw9t!19sChIJ57w5F6vmjYARDOM3zakxpqk?authuser=0&hl=tr&rclk=1",
Ghettoff - Adult Sex Shop in California,13,,http://www.ghettoff.com/,Ghettoff - Adult Sex Shop in California (Sahibi),5,https://www.google.com/maps/place/Ghettoff+-+Adult+Sex+Shop+in+California/data=!4m7!3m6!1s0x80c2b7426a408bb3:0x4e3fe14fb5ff2c69!8m2!3d33.9616583!4d-118.3515967!16s%2Fg%2F11j4lxyfjb!19sChIJs4tAakK3woARaSz_tU_hP04?authuser=0&hl=tr&rclk=1,
Love Stuff Adult Superstore,13,,http://www.suzies.com/,Love Stuff Adult Superstore (Sahibi),4.5,https://www.google.com/maps/place/Love+Stuff+Adult+Superstore/data=!4m7!3m6!1s0x80dd30361d6794d5:0x7364792707ebafc4!8m2!3d33.7604257!4d-118.1356349!16s%2Fg%2F11f9g1_7xv!19sChIJ1ZRnHTYw3YARxK_rByd5ZHM?authuser=0&hl=tr&rclk=1,
NAUGHTY ADULT STORE,10,,https://naughty-adult-store.business.site/%3Futm_source%3Dgmb%26utm_medium%3Dreferral,NAUGHTY ADULT STORE (Sahibi),4.5,https://www.google.com/maps/place/NAUGHTY+ADULT+STORE/data=!4m7!3m6!1s0x80c2917ac08b8029:0x82eb6ddfcfb26c70!8m2!3d34.2681389!4d-118.4185237!16s%2Fg%2F11jgbzp7xr!19sChIJKYCLwHqRwoARcGyyz99t64I?authuser=0&hl=tr&rclk=1,
Dr. Love's Outlet,10,,https://dr-loves-outlet.business.site/%3Futm_source%3Dgmb%26utm_medium%3Dreferral,Dr. Love's Outlet (Sahibi),4.4,https://www.google.com/maps/place/Dr.+Love%27s+Outlet/data=!4m7!3m6!1s0x80c29d317981cf3f:0x172b810835cb9136!8m2!3d34.2020027!4d-118.5979797!16s%2Fg%2F11f9j64tqg!19sChIJP8-BeTGdwoARNpHLNQiBKxc?authuser=0&hl=tr&rclk=1,
Love Stuff Adult Superstore,10,,http://suzies.com/,Love Stuff Adult Superstore (Sahibi),4.2,https://www.google.com/maps/place/Love+Stuff+Adult+Superstore/data=!4m7!3m6!1s0x80db1b42525ef6ff:0x832ec47d9a64ac33!8m2!3d33.826927!4d-116.546558!16s%2Fg%2F11sh6h2twq!19sChIJ__ZeUkIb24ARM6xkmn3ELoM?authuser=0&hl=tr&rclk=1,
Not Too Naughty,9,,https://www.secretsboutiques.com/,Not Too Naughty (Sahibi),3.9,https://www.google.com/maps/place/Not+Too+Naughty/data=!4m7!3m6!1s0x8085736f821f2a33:0x1b85d60cff8c233c!8m2!3d38.1012063!4d-122.2536863!16s%2Fg%2F11bwp1zkxl!19sChIJMyofgm9zhYARPCOM_wzWhRs?authuser=0&hl=tr&rclk=1,
Soma Secrets,9,,http://www.secretsboutiques.com/,Soma Secrets (Sahibi),2.7,https://www.google.com/maps/place/Soma+Secrets/data=!4m7!3m6!1s0x808580846c7aac09:0x7e6dee3dd8d398a2!8m2!3d37.7812005!4d-122.4087315!16s%2Fg%2F1tx4787q!19sChIJCax6bISAhYARopjT2D3ubX4?authuser=0&hl=tr&rclk=1,
Secrets Boutique - San Francisco,9,,http://www.secretsboutiques.com/,Secrets Boutique - San Francisco (Sahibi),4.2,https://www.google.com/maps/place/Secrets+Boutique+-+San+Francisco/data=!4m7!3m6!1s0x808580f4f6aae4e9:0x80e7bf94664d7a07!8m2!3d37.7976325!4d-122.4052012!16s%2Fg%2F1tf7sc82!19sChIJ6eSq9vSAhYARB3pNZpS_54A?authuser=0&hl=tr&rclk=1,
The Adult Store,8,,http://e-tique.org/,The Adult Store (Sahibi),4.4,https://www.google.com/maps/place/The+Adult+Store/data=!4m7!3m6!1s0x80e913886a37f969:0x41483f42bfae5f1e!8m2!3d34.4159138!4d-119.6945461!16s%2Fg%2F11c1sk3rtp!19sChIJafk3aogT6YARHl-uv0I_SEE?authuser=0&hl=tr&rclk=1,
Dr. Loves Outlet,8,,https://drlovesoutlet.business.site/%3Futm_source%3Dgmb%26utm_medium%3Dreferral,Dr. Loves Outlet (Sahibi),4.5,https://www.google.com/maps/place/Dr.+Loves+Outlet/data=!4m7!3m6!1s0x80c291c66b5b1ec3:0x9600f3190b498994!8m2!3d34.22164!4d-118.4645204!16s%2Fg%2F11q7fdlfwy!19sChIJwx5ba8aRwoARlIlJCxnzAJY?authuser=0&hl=tr&rclk=1,
Feelmore Adult,7,,http://feelmore510.com/,Feelmore Adult (Sahibi),3.9,https://www.google.com/maps/place/Feelmore+Adult/data=!4m7!3m6!1s0x80857ff234837e53:0x85802a8ee5ca8cfa!8m2!3d37.8680369!4d-122.2682932!16s%2Fg%2F11fp3hmx93!19sChIJU36DNPJ_hYAR-ozK5Y4qgIU?authuser=0&hl=tr&rclk=1,
Endless Romance Adult Superstore,5,,http://suzies.com/,Endless Romance Adult Superstore (Sahibi),4.2,https://www.google.com/maps/place/Endless+Romance+Adult+Superstore/data=!4m7!3m6!1s0x80c2bfa47bfff435:0xd6657dc59a13c0f3!8m2!3d34.0869678!4d-118.3804153!16s%2Fg%2F11qf_tqpl1!19sChIJNfT_e6S_woAR88ATmsV9ZdY?authuser=0&hl=tr&rclk=1,
Secrets Adult Superstore,5,,http://www.adultmegastores.com/,Secrets Adult Superstore (Sahibi),4.6,https://www.google.com/maps/place/Secrets+Adult+Superstore/data=!4m7!3m6!1s0x8085736f8222bd13:0xd085b8aa53101a2b!8m2!3d38.1012064!4d-122.2536854!16s%2Fg%2F1wv_sfrj!19sChIJE70igm9zhYARKxoQU6q4hdA?authuser=0&hl=tr&rclk=1,
Good Vibrations Santa Cruz,5,,http://www.goodvibes.com/,Good Vibrations Santa Cruz (Sahibi),2.8,https://www.google.com/maps/place/Good+Vibrations+Santa+Cruz/data=!4m7!3m6!1s0x808e412c03b7576b:0x8d33c78bab098704!8m2!3d36.9752937!4d-122.0259242!16s%2Fg%2F11fqtn_m96!19sChIJa1e3AyxBjoARBIcJq4vHM40?authuser=0&hl=tr&rclk=1,
Black Cock Toys,2,,http://www.blackcocktoys.com/,Black Cock Toys (Sahibi),2,https://www.google.com/maps/place/Black+Cock+Toys/data=!4m7!3m6!1s0x80c3491e1a7a6a5b:0xd153fc545ace049!8m2!3d34.020479!4d-118.034616!16s%2Fg%2F11lsmbctl1!19sChIJW2p6Gh5Jw4ARSeCsRcU_FQ0?authuser=0&hl=tr&rclk=1,
adultys.com Sex Toys and lingerie,2,,https://adultys.com/,adultys.com Sex Toys and lingerie (Sahibi),4,https://www.google.com/maps/place/adultys.com+Sex+Toys+and+lingerie/data=!4m7!3m6!1s0x80c2963b74aa90a9:0x87b889f15f9e648c!8m2!3d34.1581321!4d-118.423637!16s%2Fg%2F11hbv7kf25!19sChIJqZCqdDuWwoARjGSeX_GJuIc?authuser=0&hl=tr&rclk=1,
Intimate Desires Adult,,,https://intimatedesiresadult.com/,Intimate Desires Adult (Sahibi),,https://www.google.com/maps/place/Intimate+Desires+Adult/data=!4m7!3m6!1s0x80dd4b13db26fa1f:0x8466f083998bc538!8m2!3d46.423669!4d-129.9427086!16s%2Fg%2F11m92g5nwd!19sChIJH_om2xNL3YAROMWLmYPwZoQ?authuser=0&hl=tr&rclk=1,
Sextc Store,,,https://sextcstore.com/?utm_campaign=gmb,Sextc Store (Sahibi),,https://www.google.com/maps/place/Sextc+Store/data=!4m7!3m6!1s0x25bd0121c086924b:0x82a8e62707d6b439!8m2!3d34.3024654!4d-119.2487876!16s%2Fg%2F11k3shgs02!19sChIJS5KGwCEBvSURObTWByfmqII?authuser=0&hl=tr&rclk=1,
"Romantic Depot Manhattan Sex Store, Sex Shop, Adult store with Sex Toys & Lingerie",3127,,https://romanticdepot.com/manhattan,,4.9,"https://www.google.com/maps/place/Romantic+Depot+Manhattan+Sex+Store,+Sex+Shop,+Adult+store+with+Sex+Toys+%26+Lingerie/data=!4m7!3m6!1s0x89c2f665d308c1b5:0x77de629e68c532f4!8m2!3d40.8222249!4d-73.9531341!16s%2Fg%2F11fx2wqk4n!19sChIJtcEI02X2wokR9DLFaJ5i3nc?authuser=0&hl=tr&rclk=1",
Romantic Depot Bronx Sex Store Sex Shop & Lingerie Store,2450,,https://romanticdepot.com/bronx,,4.9,https://www.google.com/maps/place/Romantic+Depot+Bronx+Sex+Store+Sex+Shop+%26+Lingerie+Store/data=!4m7!3m6!1s0x89c28cd9c9f2adcf:0xf6f61b0896c75f2f!8m2!3d40.8881888!4d-73.8285932!16s%2Fg%2F1q62cd9n6!19sChIJz63yydmMwokRL1_Hlggb9vY?authuser=0&hl=tr&rclk=1,
"Romantic Depot Queens Sex Toys, Sex Store, Sex Shop & Lingerie Store",2028,,https://romanticdepot.com/queens/,,4.9,"https://www.google.com/maps/place/Romantic+Depot+Queens+Sex+Toys,+Sex+Store,+Sex+Shop+%26+Lingerie+Store/data=!4m7!3m6!1s0x89c25f4c512554a1:0xc3e0288d54c2f296!8m2!3d40.7427207!4d-73.9175529!16s%2Fg%2F11gzlxszlr!19sChIJoVQlUUxfwokRlvLCVI0o4MM?authuser=0&hl=tr&rclk=1",
"Romantic Depot Brooklyn Sex Store, Sex Shop, Lingerie Store with Adult Toys",957,,https://romanticdepot.com/brooklyn,,4.9,"https://www.google.com/maps/place/Romantic+Depot+Brooklyn+Sex+Store,+Sex+Shop,+Lingerie+Store+with+Adult+Toys/data=!4m7!3m6!1s0x89c25b9311edfe4b:0x3933696671f39c59!8m2!3d40.6828332!4d-73.9649233!16s%2Fg%2F11spwk6048!19sChIJS_7tEZNbwokRWZzzcWZpMzk?authuser=0&hl=tr&rclk=1",
"Romantic Depot Brooklyn Lingerie Store, Sex Shop, Sex Store with Adult Toys located on Flatbush Avenue",774,,https://romanticdepot.com/brooklyn-flatbush/,,5,"https://www.google.com/maps/place/Romantic+Depot+Brooklyn+Lingerie+Store,+Sex+Shop,+Sex+Store+with+Adult+Toys+located+on+Flatbush+Avenue/data=!4m7!3m6!1s0x89c245c8db35bebd:0xde3c10df9cf497b9!8m2!3d40.6215106!4d-73.9361314!16s%2Fg%2F11twjvkk__!19sChIJvb4128hFwokRuZf0nN8QPN4?authuser=0&hl=tr&rclk=1",
Romantic Depot Yonkers Sex Store Sex Shop & Lingerie Superstore with Sex Toys,474,,https://romanticdepot.com/Yonkers,,5,https://www.google.com/maps/place/Romantic+Depot+Yonkers+Sex+Store+Sex+Shop+%26+Lingerie+Superstore+with+Sex+Toys/data=!4m7!3m6!1s0x89c293d002ab6367:0xb5595a21b2c5aea6!8m2!3d40.964825!4d-73.839121!16s%2Fg%2F11ghtnyf8w!19sChIJZ2OrAtCTwokRpq7FsiFaWbU?authuser=0&hl=tr&rclk=1,
ScentSational,134,"Name: INtimate Store
link: https://www.google.com/maps/search/INtimate+Store/@40.786257,-74.0184932?authuser=0&hl=tr&entry=ttu
Reviews: 6 reviews

Name: Sweet Body Sensations Perfumeria
link: https://www.google.com/maps/search/Sweet+Body+Sensations+Perfumeria/@40.7836601,-74.0199365?authuser=0&hl=tr&entry=ttu
Reviews: 5 reviews

Name: Romantic Depot Manhattan Sex Store, Sex Shop, Adult store with Sex Toys & Lingerie
link: https://www.google.com/maps/search/Romantic+Depot+Manhattan+Sex+Store%2C+Sex+Shop%2C+Adult+store+with+Sex+Toys+%26+Lingerie/@40.822224899999995,-73.9531341?authuser=0&hl=tr&entry=ttu
Reviews: 3127 reviews

Name: Scentsational Shoppe
link: https://www.google.com/maps/search/Scentsational+Shoppe/@40.9206189,-73.99654679999999?authuser=0&hl=tr&entry=ttu
Reviews: 105 reviews

Name: The Secret Sinsation
link: https://www.google.com/maps/search/The+Secret+Sinsation/@40.7364865,-74.2222063?authuser=0&hl=tr&entry=ttu
Reviews: 2 reviews",https://www.sltoyz.com/,,4.9,https://www.google.com/maps/place/ScentSational/data=!4m7!3m6!1s0x89c2581a0da1482f:0x72d69465c1184b52!8m2!3d40.7859409!4d-74.0188807!16s%2Fg%2F1pp2tz728!19sChIJL0ihDRpYwokRUksYwWWU1nI?authuser=0&hl=tr&rclk=1,
Purple Passion/DV8,131,,http://www.purplepassion.com/,,4.4,https://www.google.com/maps/place/Purple+Passion%2FDV8/data=!4m7!3m6!1s0x89c259bb7f586e6d:0xd97ff3e3fcbd927d!8m2!3d40.7426928!4d-73.9976329!16s%2Fg%2F1tgz6d5b!19sChIJbW5Yf7tZwokRfZK9_OPzf9k?authuser=0&hl=tr&rclk=1,
A & J Lingerie and More...,95,"Name: Sexy Boutique
link: https://www.google.com/maps/search/Sexy+Boutique/@40.742177399999996,-74.0010799?authuser=0&hl=tr&entry=ttu
Reviews: 12 reviews

Name: The Blue Store
link: https://www.google.com/maps/search/The+Blue+Store/@40.7436211,-73.9993306?authuser=0&hl=tr&entry=ttu
Reviews: 49 reviews

Name: Azaleas - Lingerie + Swimwear Boutique
link: https://www.google.com/maps/search/Azaleas+-+Lingerie+%2B+Swimwear+Boutique/@40.7288722,-73.9871248?authuser=0&hl=tr&entry=ttu
Reviews: 44 reviews

Name: Harmony
link: https://www.google.com/maps/search/Harmony/@40.742593,-74.00083520000001?authuser=0&hl=tr&entry=ttu
Reviews: 28 reviews",http://www.ajlingerie.com/,,4.7,https://www.google.com/maps/place/A+%26+J+Lingerie+and+More.../data=!4m7!3m6!1s0x89c259a5f9f26167:0x71b7a7b31eb43a3b!8m2!3d40.7457717!4d-73.9896088!16s%2Fg%2F1tm13j9t!19sChIJZ2Hy-aVZwokROzq0HrOnt3E?authuser=0&hl=tr&rclk=1,
London Boutique,92,,https://london-boutique.com/,,4.6,https://www.google.com/maps/place/London+Boutique/data=!4m7!3m6!1s0x89c25fa9ecc7b903:0x1d8e858a7520d2b9!8m2!3d40.7473858!4d-73.8874627!16s%2Fg%2F1v3dt11r!19sChIJA7nH7KlfwokRudIgdYqFjh0?authuser=0&hl=tr&rclk=1,
FANTASY PARTY INC,89,,https://fantasy-party-inc.business.site/,,4,https://www.google.com/maps/place/FANTASY+PARTY+INC/data=!4m7!3m6!1s0x89c25993dc416ba3:0xdf91cadb2c42e658!8m2!3d40.7315466!4d-74.0013943!16s%2Fg%2F12qfrpvj5!19sChIJo2tB3JNZwokRWOZCLNvKkd8?authuser=0&hl=tr&rclk=1,
365 shop Inc / Brooklyn Adult Sex Toy & Lingerie Store,77,,https://www.365sexshop.com/,,5,https://www.google.com/maps/place/365+shop+Inc+%2F+Brooklyn+Adult+Sex+Toy+%26+Lingerie+Store/data=!4m7!3m6!1s0x89c245e092e29be9:0xe0485b1cf07eacc4!8m2!3d40.6371903!4d-74.0081331!16s%2Fg%2F11k551xkx8!19sChIJ6ZvikuBFwokRxKx-8BxbSOA?authuser=0&hl=tr&rclk=1,
Lady Konfidential,74,,http://ladykonfidential.com/,,5,https://www.google.com/maps/place/Lady+Konfidential/data=!4m7!3m6!1s0x89c259d44ee43d3b:0x5bdec28b794831cd!8m2!3d40.7649831!4d-73.9780213!16s%2Fg%2F11r24_05lb!19sChIJOz3kTtRZwokRzTFIeYvC3ls?authuser=0&hl=tr&rclk=1,
Pleasure Chest,69,,http://www.thepleasurechest.com/,,4.3,https://www.google.com/maps/place/Pleasure+Chest/data=!4m7!3m6!1s0x89c2599435ef857b:0x7d0fda8c9f4a8567!8m2!3d40.7353071!4d-74.0020672!16s%2Fg%2F1vvr73gb!19sChIJe4XvNZRZwokRZ4VKn4zaD30?authuser=0&hl=tr&rclk=1,
SHAG... a sexy shop - Sex Toy Store,68,,http://weloveshag.com/,,4.6,https://www.google.com/maps/place/SHAG...+a+sexy+shop+-+Sex+Toy+Store/data=!4m7!3m6!1s0x89c2595e8c485e37:0x8159f880f0a0b4ef!8m2!3d40.7157342!4d-73.9560632!16s%2Fg%2F1tfryd7g!19sChIJN15IjF5ZwokR77Sg8ID4WYE?authuser=0&hl=tr&rclk=1,
Rainbow Station,57,,http://rainbowstation.nyc/,,3,https://www.google.com/maps/place/Rainbow+Station/data=!4m7!3m6!1s0x89c259bbe83ac369:0x9db548dd8472f042!8m2!3d40.7437627!4d-73.9999116!16s%2Fg%2F1tfqm91d!19sChIJacM66LtZwokRQvByhN1ItZ0?authuser=0&hl=tr&rclk=1,
CherryBoxxx,53,,http://shopcherrybox.com/,,5,https://www.google.com/maps/place/CherryBoxxx/data=!4m7!3m6!1s0x89c2590b0bb05f59:0x8e2dd51be2274136!8m2!3d40.7320627!4d-74.0012411!16s%2Fg%2F11pzwy6d0n!19sChIJWV-wCwtZwokRNkEn4hvVLY4?authuser=0&hl=tr&rclk=1,
Babeland,51,,http://www.babeland.com/,,4.1,https://www.google.com/maps/place/Babeland/data=!4m7!3m6!1s0x89c259814bc190e1:0xd194cff4b2c00864!8m2!3d40.7203!4d-73.988531!16s%2Fg%2F1tf7ngwy!19sChIJ4ZDBS4FZwokRZAjAsvTPlNE?authuser=0&hl=tr&rclk=1,
London Boutique,50,,https://london-boutique.com/,,4.9,https://www.google.com/maps/place/London+Boutique/data=!4m7!3m6!1s0x89c25f1e57c0b95b:0x339d60604efd8d10!8m2!3d40.760046!4d-73.917793!16s%2Fg%2F11rgdfxhch!19sChIJW7nAVx5fwokREI39TmBgnTM?authuser=0&hl=tr&rclk=1,
Nitecap Megastore,50,,http://www.nitecapmegastore.com/,,4.4,https://www.google.com/maps/place/Nitecap+Megastore/data=!4m7!3m6!1s0x89c24cf0427e4d33:0xddaab8b14e5b6729!8m2!3d40.6136237!4d-74.180786!16s%2Fg%2F1tf7hl13!19sChIJM01-QvBMwokRKWdbTrG4qt0?authuser=0&hl=tr&rclk=1,
London Boutique,47,,http://london-boutique.com/,,4.7,https://www.google.com/maps/place/London+Boutique/data=!4m7!3m6!1s0x89c25f8510695929:0x6e30413efdada58f!8m2!3d40.7489819!4d-73.8733154!16s%2Fg%2F11h2jv3vyy!19sChIJKVlpEIVfwokRj6Wt_T5BMG4?authuser=0&hl=tr&rclk=1,
The Pleasure Chest,42,,http://thepleasurechest.com/,,3.7,https://www.google.com/maps/place/The+Pleasure+Chest/data=!4m7!3m6!1s0x89c258e63b6feb4b:0x61c8ff4be7f52249!8m2!3d40.7644291!4d-73.9668379!16s%2Fg%2F1pp2x6_b2!19sChIJS-tvO-ZYwokRSSL150v_yGE?authuser=0&hl=tr&rclk=1,
Babeland,40,,http://www.babeland.com/,,3.9,https://www.google.com/maps/place/Babeland/data=!4m7!3m6!1s0x89c25baebbeef351:0x48938bee365bdee4!8m2!3d40.6809886!4d-73.9760004!16s%2Fg%2F1td6676x!19sChIJUfPuu65bwokR5N5bNu6Lk0g?authuser=0&hl=tr&rclk=1,
HUSTLER Hollywood,,"Name: Harmony
link: https://www.google.com/maps/search/Harmony/@40.742593,-74.00083520000001?authuser=0&hl=tr&entry=ttu
Reviews: 28 reviews

Name: Sexy Boutique
link: https://www.google.com/maps/search/Sexy+Boutique/@40.742177399999996,-74.0010799?authuser=0&hl=tr&entry=ttu
Reviews: 12 reviews

Name: Pleasure Chest
link: https://www.google.com/maps/search/Pleasure+Chest/@40.7353071,-74.0020672?authuser=0&hl=tr&entry=ttu
Reviews: 69 reviews

Name: Rainbow Station
link: https://www.google.com/maps/search/Rainbow+Station/@40.7437627,-73.99991159999999?authuser=0&hl=tr&entry=ttu
Reviews: 57 reviews

Name: London Fetish
link: https://www.google.com/maps/search/London+Fetish/@40.7333784,-74.0037411?authuser=0&hl=tr&entry=ttu
Reviews: 24 reviews",https://hustlerhollywood.com/pages/store-new-york-new-york%3Futm_source%3DGMBlisting%26utm_medium%3Dorganic,,4.6,https://www.google.com/maps/place/HUSTLER+Hollywood/data=!4m7!3m6!1s0x89c25946dd9ba867:0xc1ae0e04d15e7511!8m2!3d40.7332406!4d-73.9982756!16s%2Fg%2F11h45l4gdz!19sChIJZ6ib3UZZwokREXVe0QQOrsE?authuser=0&hl=tr&rclk=1,
Empire Exotics Lingerie & Toys,,,https://www.empireexotics.com/,,4.8,https://www.google.com/maps/place/Empire+Exotics+Lingerie+%26+Toys/data=!4m7!3m6!1s0x89c259e550c459af:0xa2b20d22816b21f0!8m2!3d40.7487857!4d-73.9871649!16s%2Fg%2F11tmq50x3w!19sChIJr1nEUOVZwokR8CFrgSINsqI?authuser=0&hl=tr&rclk=1,
Please - An Educated Pleasure Shop,,,http://www.pleasenyc.com/,,4.8,https://www.google.com/maps/place/Please+-+An+Educated+Pleasure+Shop/data=!4m7!3m6!1s0x89c25ae49c48ab7b:0x811927fcdfb64c76!8m2!3d40.6654163!4d-73.9892482!16s%2Fg%2F11b7rnhk62!19sChIJe6tInORawokRdky23_wnGYE?authuser=0&hl=tr&rclk=1,
London Fetish,,,https://london-fetish.com/,,4.3,https://www.google.com/maps/place/London+Fetish/data=!4m7!3m6!1s0x89c2599480366d1d:0x82bd00c1a06fd139!8m2!3d40.7333784!4d-74.0037411!16s%2Fg%2F1tglntmb!19sChIJHW02gJRZwokROdFvoMEAvYI?authuser=0&hl=tr&rclk=1,
Best Kept Secret,,,http://bestkeptsecretny.com/,,4.1,https://www.google.com/maps/place/Best+Kept+Secret/data=!4m7!3m6!1s0x89c261e22b3ecced:0x6801d2a21e0af59!8m2!3d40.7610732!4d-73.7652331!16s%2Fg%2F1tj97b4q!19sChIJ7cw-K-JhwokRWa_gISodgAY?authuser=0&hl=tr&rclk=1,
RAHLALUXURYS,,,http://www.rahlaluxurys.com/,,4.8,https://www.google.com/maps/place/RAHLALUXURYS/data=!4m7!3m6!1s0x89c25b8a9f4aa8cb:0xf2c293ffb440d464!8m2!3d40.6907043!4d-73.9295173!16s%2Fg%2F1vr1xk8j!19sChIJy6hKn4pbwokRZNRAtP-TwvI?authuser=0&hl=tr&rclk=1,
London Fetish,,,http://www.london-fetish.com/,,4.9,https://www.google.com/maps/place/London+Fetish/data=!4m7!3m6!1s0x89c2595db7ab64ff:0xfc8e9c5b00eb1892!8m2!3d40.7181239!4d-73.956927!16s%2Fg%2F11gc200y9v!19sChIJ_2Srt11ZwokRkhjrAFucjvw?authuser=0&hl=tr&rclk=1,
Sexy Boutique,,,http://www.sexyboutique.nyc/,,4.3,https://www.google.com/maps/place/Sexy+Boutique/data=!4m7!3m6!1s0x89c259bea5924eff:0xdd7fd88ce99a3a5b!8m2!3d40.7421774!4d-74.0010799!16s%2Fg%2F1ptw_p3nk!19sChIJ_06Spb5ZwokRWzqa6YzYf90?authuser=0&hl=tr&rclk=1,
Unbound,,,http://www.unboundbabes.com/,,4.9,https://www.google.com/maps/place/Unbound/data=!4m7!3m6!1s0x89c2598d36332879:0x8a2f849c958d027d!8m2!3d40.7446298!4d-73.987667!16s%2Fg%2F11f0k_0x5k!19sChIJeSgzNo1ZwokRfQKNlZyEL4o?authuser=0&hl=tr&rclk=1,
Jayasara Video Inc,,,http://www.newyorkadultstore.com/reviews,,3.5,https://www.google.com/maps/place/Jayasara+Video+Inc/data=!4m7!3m6!1s0x89c259ada231f40d:0x1a7592f9d4d2689f!8m2!3d40.7536276!4d-73.9931663!16s%2Fg%2F1v_vttmb!19sChIJDfQxoq1ZwokRn2jS1PmSdRo?authuser=0&hl=tr&rclk=1,
Pandora's Box,,,https://pandorasboxny.com/,,4.3,https://www.google.com/maps/place/Pandora%27s+Box/data=!4m7!3m6!1s0x89c259a66b340001:0xaca9ca244b33c9b4!8m2!3d40.7446237!4d-73.9876631!16s%2Fg%2F11ghr0d9mg!19sChIJAQA0a6ZZwokRtMkzSyTKqaw?authuser=0&hl=tr&rclk=1,
London Fetish,,,http://www.london-fetish.com/,,5,https://www.google.com/maps/place/London+Fetish/data=!4m7!3m6!1s0x89c25938fe35148b:0xf7033321b2c9b3db!8m2!3d40.7202573!4d-73.9893853!16s%2Fg%2F11ny3ljjt3!19sChIJixQ1_jhZwokR27PJsiEzA_c?authuser=0&hl=tr&rclk=1,
The White Unicorn,,,http://www.thewhiteunicorn.com/,,1,https://www.google.com/maps/place/The+White+Unicorn/data=!4m7!3m6!1s0x89c25f9806b1b2c9:0xd4bdb1c9458a7a35!8m2!3d40.701712!4d-73.8849378!16s%2Fg%2F11qrkkstly!19sChIJybKxBphfwokRNXqKRcmxvdQ?authuser=0&hl=tr&rclk=1,
Hustler Hollywood,291,"Name: Lady Love
link: https://www.google.com/maps/search/Lady+Love/@34.101443499999995,-118.33322100000001?authuser=0&hl=tr&entry=ttu
Reviews: 21 reviews

Name: Next To Naked
link: https://www.google.com/maps/search/Next+To+Naked/@34.1014427,-118.33398210000001?authuser=0&hl=tr&entry=ttu
Reviews: 4 reviews

Name: The Pleasure Chest
link: https://www.google.com/maps/search/The+Pleasure+Chest/@34.0910157,-118.35764429999998?authuser=0&hl=tr&entry=ttu
Reviews: 105 reviews

Name: Hollywood Exotic Shop
link: https://www.google.com/maps/search/Hollywood+Exotic+Shop/@34.101738999999995,-118.33131610000001?authuser=0&hl=tr&entry=ttu
Reviews: 18 reviews

Name: Stage of Hollywood
link: https://www.google.com/maps/search/Stage+of+Hollywood/@34.101436899999996,-118.33204649999998?authuser=0&hl=tr&entry=ttu
Reviews: 20 reviews",https://hustlerhollywood.com/pages/store-hollywood-california%3Futm_source%3DGMBlisting%26utm_medium%3Dorganic,,4.5,https://www.google.com/maps/place/Hustler+Hollywood/data=!4m7!3m6!1s0x80c2bf3b6ff42433:0xa93c57d3dcd0846!8m2!3d34.1014272!4d-118.3323938!16s%2Fg%2F11bxc58d7d!19sChIJMyT0bzu_woARRgjNPX3Fkwo?authuser=0&hl=tr&rclk=1,
Lovers,192,"Name: Bras n Things Culver City
link: https://www.google.com/maps/search/Bras+n+Things+Culver+City/@33.9862323,-118.3922257?authuser=0&hl=tr&entry=ttu
Reviews: 3 reviews

Name: Amor Lingerie Sex Shop
link: https://www.google.com/maps/search/Amor+Lingerie+Sex+Shop/@34.042302,-118.30834200000001?authuser=0&hl=tr&entry=ttu
Reviews: 51 reviews

Name: Adult Love Boutique
link: https://www.google.com/maps/search/Adult+Love+Boutique/@34.023853599999995,-118.48619559999999?authuser=0&hl=tr&entry=ttu
Reviews: 192 reviews

Name: Cupid's Closet LAX Adult Store & Sex Shop
link: https://www.google.com/maps/search/Cupid%27s+Closet+LAX+Adult+Store+%26+Sex+Shop/@33.9618484,-118.4206687?authuser=0&hl=tr&entry=ttu
Reviews: 91 reviews

Name: Victoria's Secret
link: https://www.google.com/maps/search/Victoria%27s+Secret/@33.985886,-118.392872?authuser=0&hl=tr&entry=ttu
Reviews: 792 reviews",https://locations.loversstores.com/ca/culver-city/5901-s-sepulveda-blvd/,,4.7,https://www.google.com/maps/place/Lovers/data=!4m7!3m6!1s0x80c2b0ad1a1ebe51:0x1c53070cb3fc60fd!8m2!3d33.98644!4d-118.396035!16s%2Fg%2F1vr1wx40!19sChIJUb4eGq2wwoAR_WD8swwHUxw?authuser=0&hl=tr&rclk=1,
Broadway Erotic Store,170,,http://broadwayerotic.com/,,5,https://www.google.com/maps/place/Broadway+Erotic+Store/data=!4m7!3m6!1s0x80c2c79f77ed65e1:0x48c2b14b15294d42!8m2!3d34.0476737!4d-118.2516002!16s%2Fg%2F11hpdvzjh9!19sChIJ4WXtd5_HwoARQk0pFUuxwkg?authuser=0&hl=tr&rclk=1,
The Pleasure Chest,105,,http://www.thepleasurechest.com/,,4.4,https://www.google.com/maps/place/The+Pleasure+Chest/data=!4m7!3m6!1s0x80c2bedaabbce957:0x58cb8e0f2168a6ee!8m2!3d34.0910157!4d-118.3576443!16s%2Fg%2F1tkl3l6q!19sChIJV-m8q9q-woAR7qZoIQ-Oy1g?authuser=0&hl=tr&rclk=1,
The Stockroom / Syren Latex,95,,https://www.stockroom.com/,,4.4,https://www.google.com/maps/place/The+Stockroom+%2F+Syren+Latex/data=!4m7!3m6!1s0x80c2c73e18eaa3db:0x5395b81b3ef11348!8m2!3d34.0878567!4d-118.2600382!16s%2Fg%2F12hrmrb96!19sChIJ26PqGD7HwoARSBPxPhu4lVM?authuser=0&hl=tr&rclk=1,
Vivant Dolls - Sex Dolls Los Angeles,92,,https://onlinesexdolls.com/,,4.8,https://www.google.com/maps/place/Vivant+Dolls+-+Sex+Dolls+Los+Angeles/data=!4m7!3m6!1s0x80c2b78628a54d71:0xd7b92d79e4eff421!8m2!3d33.9747922!4d-118.3241669!16s%2Fg%2F11fqvdp2qv!19sChIJcU2lKIa3woARIfTv5Hktudc?authuser=0&hl=tr&rclk=1,
Cupid's Closet LAX Adult Store & Sex Shop,91,,http://cupidscloset.com/,,4.5,https://www.google.com/maps/place/Cupid%27s+Closet+LAX+Adult+Store+%26+Sex+Shop/data=!4m7!3m6!1s0x80c2b0eb36444ad7:0x83e55d8534079d3d!8m2!3d33.9618484!4d-118.4206687!16s%2Fg%2F1ptxwtmys!19sChIJ10pENuuwwoARPZ0HNIVd5YM?authuser=0&hl=tr&rclk=1,
Adult Warehouse Outlet Panorama,83,,http://www.adultwarehouseoutlet.com/,,4.7,https://www.google.com/maps/place/Adult+Warehouse+Outlet+Panorama/data=!4m7!3m6!1s0x80c295cbb89d8a19:0xb87f432d91e14e30!8m2!3d34.2187879!4d-118.4482773!16s%2Fg%2F1q2w0v5qc!19sChIJGYqduMuVwoARME7hkS1Df7g?authuser=0&hl=tr&rclk=1,
HUSTLER Hollywood,70,"Name: The Pleasure Chest
link: https://www.google.com/maps/search/The+Pleasure+Chest/@34.0910157,-118.35764429999998?authuser=0&hl=tr&entry=ttu
Reviews: 105 reviews

Name: Trashy Lingerie
link: https://www.google.com/maps/search/Trashy+Lingerie/@34.0782479,-118.37633369999998?authuser=0&hl=tr&entry=ttu
Reviews: 70 reviews

Name: Endless Romance Adult Superstore
link: https://www.google.com/maps/search/Endless+Romance+Adult+Superstore/@34.0869678,-118.3804153?authuser=0&hl=tr&entry=ttu
Reviews: 5 reviews

Name: Stage of Hollywood
link: https://www.google.com/maps/search/Stage+of+Hollywood/@34.101436899999996,-118.33204649999998?authuser=0&hl=tr&entry=ttu
Reviews: 20 reviews

Name: Love Connection
link: https://www.google.com/maps/search/Love+Connection/@34.0905523,-118.36854939999999?authuser=0&hl=tr&entry=ttu
Reviews: 14 reviews",https://hustlerhollywood.com/pages/store-west-hollywood-california?utm_source=GMBlisting&utm_medium=organic,,4.4,https://www.google.com/maps/place/HUSTLER+Hollywood/data=!4m7!3m6!1s0x80c2bea3da87f74f:0xa4f8acc3d9715987!8m2!3d34.0907822!4d-118.3850971!16s%2Fg%2F1tk8nw2v!19sChIJT_eH2qO-woARh1lx2cOs-KQ?authuser=0&hl=tr&rclk=1,
Romantix,62,,https://www.romantix.com/s/,,3.8,https://www.google.com/maps/place/Romantix/data=!4m7!3m6!1s0x80c2c128ceace483:0x1db2f9ca6e9ae3e2!8m2!3d34.1166563!4d-118.2472576!16s%2Fg%2F1tnbldhd!19sChIJg-SszijBwoAR4uOabsr5sh0?authuser=0&hl=tr&rclk=1,
Andy's Adult World,54,,http://www.andysadultworld.com/,,4.2,https://www.google.com/maps/place/Andy%27s+Adult+World/data=!4m7!3m6!1s0x80c2cf0c51f9f07f:0x5fde2ddf12865cad!8m2!3d34.0223646!4d-118.1674665!16s%2Fg%2F1tdlhkq0!19sChIJf_D5UQzPwoARrVyGEt8t3l8?authuser=0&hl=tr&rclk=1,
Amor Lingerie Sex Shop,51,,http://amorsexstore.com/,,4,https://www.google.com/maps/place/Amor+Lingerie+Sex+Shop/data=!4m7!3m6!1s0x80c2b87a903107dd:0xab745dbe21edcd6b!8m2!3d34.042302!4d-118.308342!16s%2Fg%2F11ckr45j7w!19sChIJ3QcxkHq4woARa83tIb5ddKs?authuser=0&hl=tr&rclk=1,
Exotic Zone Shop,50,,https://exoticzoneshop.com/,,4.7,https://www.google.com/maps/place/Exotic+Zone+Shop/data=!4m7!3m6!1s0x80c2ca89be123f23:0x9f8c0b55f9ad7fc1!8m2!3d33.8923737!4d-118.2838151!16s%2Fg%2F1td0gsgk!19sChIJIz8SvonKwoARwX-t-VULjJ8?authuser=0&hl=tr&rclk=1,
Amor Lingerie Sex shop,49,,http://amorlingerie.com/,,4,https://www.google.com/maps/place/Amor+Lingerie+Sex+shop/data=!4m7!3m6!1s0x80c2c91bc20663a9:0x46d8ceca54d34f26!8m2!3d33.9812878!4d-118.236541!16s%2Fg%2F1thzp4zb!19sChIJqWMGwhvJwoARJk_TVMrO2EY?authuser=0&hl=tr&rclk=1,
Amor Lingerie Sex Shop,40,,http://amorlingerie.com/,,4.1,https://www.google.com/maps/place/Amor+Lingerie+Sex+Shop/data=!4m7!3m6!1s0x80c2c8b988a5cd77:0x5b23b06cbe676242!8m2!3d34.017033!4d-118.2194826!16s%2Fg%2F1w97vnnt!19sChIJd82liLnIwoARQmJnvmywI1s?authuser=0&hl=tr&rclk=1,
Cupid's Closet Brentwood Adult Store & Sex Shop,37,,https://cupidscloset.com/,,4.4,https://www.google.com/maps/place/Cupid%27s+Closet+Brentwood+Adult+Store+%26+Sex+Shop/data=!4m7!3m6!1s0x80c2bbfce84247e9:0xecd15bca1c602f76!8m2!3d34.0434796!4d-118.4686335!16s%2Fg%2F11h9n80qrv!19sChIJ6UdC6Py7woARdi9gHMpb0ew?authuser=0&hl=tr&rclk=1,
Romantix,31,,https://www.romantix.com/s/,,4.3,https://www.google.com/maps/place/Romantix/data=!4m7!3m6!1s0x80c295f57024431b:0x8e08a01ac5327ad6!8m2!3d34.1594866!4d-118.3717559!16s%2Fg%2F1tcww_0f!19sChIJG0MkcPWVwoAR1noyxRqgCI4?authuser=0&hl=tr&rclk=1,
Secrets of Hollywood,23,,http://www.adultmegastores.com/,,3.2,https://www.google.com/maps/place/Secrets+of+Hollywood/data=!4m7!3m6!1s0x80c2b8ad3e054b5b:0x1dfe49916744488b!8m2!3d34.0912989!4d-118.3093534!16s%2Fg%2F1tfv0tf2!19sChIJW0sFPq24woARi0hEZ5FJ_h0?authuser=0&hl=tr&rclk=1,
Excitement Love Boutique,20,,http://www.excitementgirl.net/,,4.8,https://www.google.com/maps/place/Excitement+Love+Boutique/data=!4m7!3m6!1s0x80c29947a033d2a9:0x6a914538a4aa126!8m2!3d34.1724857!4d-118.5656822!16s%2Fg%2F1td_hhvc!19sChIJqdIzoEeZwoARJqFKilMUqQY?authuser=0&hl=tr&rclk=1,
Spearmint Rhino Superstore,19,,https://spearmintrhinosuperstore.com/,,4.2,https://www.google.com/maps/place/Spearmint+Rhino+Superstore/data=!4m7!3m6!1s0x80c2d6707988d1ef:0xc41963d844f817b0!8m2!3d34.0233714!4d-117.959603!16s%2Fg%2F11c48c9bxw!19sChIJ79GIeXDWwoARsBf4RNhjGcQ?authuser=0&hl=tr&rclk=1,
Circus of Books - West,17,,http://circusofbooks.com/,,3.5,https://www.google.com/maps/place/Circus+of+Books+-+West/data=!4m7!3m6!1s0x80c2bea587bed595:0xc86de280721e8e8d!8m2!3d34.0853991!4d-118.3839342!16s%2Fg%2F1tdm_s6b!19sChIJldW-h6W-woARjY4ecoDibcg?authuser=0&hl=tr&rclk=1,
Adult Video Entertainment Center,17,,https://www.instagram.com/adultvec,,3.4,https://www.google.com/maps/place/Adult+Video+Entertainment+Center/data=!4m7!3m6!1s0x80c2b6f3efc20a2d:0xb6850eda66b0068!8m2!3d33.9426337!4d-118.3528747!16s%2Fg%2F1tgnmbbx!19sChIJLQrC7_O2woARaABrpu1QaAs?authuser=0&hl=tr&rclk=1,
Couples M.O.,16,,http://www.couplesmo.com/,,4.4,https://www.google.com/maps/place/Couples+M.O./data=!4m7!3m6!1s0x80dd4a72062d4ff5:0xe574255e6109fd3d!8m2!3d33.7892425!4d-118.3102727!16s%2Fg%2F11bbrpwbkh!19sChIJ9U8tBnJK3YARPf0JYV4ldOU?authuser=0&hl=tr&rclk=1,
Pleasure Island,14,,http://www.xxxpleasureisland.net/,,4.4,https://www.google.com/maps/place/Pleasure+Island/data=!4m7!3m6!1s0x80c2b4e47a075c11:0x320e56cca69ced1c!8m2!3d33.8633232!4d-118.3520889!16s%2Fg%2F1tdfnjft!19sChIJEVwHeuS0woARHO2cpsxWDjI?authuser=0&hl=tr&rclk=1,
Love Stuff Adult Superstore,13,,http://www.suzies.com/,,4.5,https://www.google.com/maps/place/Love+Stuff+Adult+Superstore/data=!4m7!3m6!1s0x80dd30361d6794d5:0x7364792707ebafc4!8m2!3d33.7604257!4d-118.1356349!16s%2Fg%2F11f9g1_7xv!19sChIJ1ZRnHTYw3YARxK_rByd5ZHM?authuser=0&hl=tr&rclk=1,
Naughty Dreams,10,,http://www.naughtierdreams.com/,,5,https://www.google.com/maps/place/Naughty+Dreams/data=!4m7!3m6!1s0x80c2b7b863c41ce9:0x1a9102f4f499a63a!8m2!3d34.020479!4d-118.4117325!16s%2Fg%2F11ddyj3l2x!19sChIJ6RzEY7i3woAROqaZ9PQCkRo?authuser=0&hl=tr&rclk=1,
Dr. Love's Outlet,10,,https://dr-loves-outlet.business.site/?utm_source=gmb&utm_medium=referral,,4.4,https://www.google.com/maps/place/Dr.+Love%27s+Outlet/data=!4m7!3m6!1s0x80c29d317981cf3f:0x172b810835cb9136!8m2!3d34.2020027!4d-118.5979797!16s%2Fg%2F11f9j64tqg!19sChIJP8-BeTGdwoARNpHLNQiBKxc?authuser=0&hl=tr&rclk=1,
Endless Romance Adult Superstore,5,,http://suzies.com/,,4.2,https://www.google.com/maps/place/Endless+Romance+Adult+Superstore/data=!4m7!3m6!1s0x80c2bfa47bfff435:0xd6657dc59a13c0f3!8m2!3d34.0869678!4d-118.3804153!16s%2Fg%2F11qf_tqpl1!19sChIJNfT_e6S_woAR88ATmsV9ZdY?authuser=0&hl=tr&rclk=1,
Hollywood Sex Dolls,2,,http://www.hollywoodsexdolls.com/,,3,https://www.google.com/maps/place/Hollywood+Sex+Dolls/data=!4m7!3m6!1s0x67e4b4741c32a0df:0xf322609f1b78bcd5!8m2!3d46.423669!4d-129.9427086!16s%2Fg%2F11rkcxb6z8!19sChIJ36AyHHS05GcR1bx4G59gIvM?authuser=0&hl=tr&rclk=1,
Summer Long,1,,https://arousr.com/girls/available/,,5,https://www.google.com/maps/place/Summer+Long/data=!4m7!3m6!1s0x80c2bf02fe5bde63:0x1fd739cebc4920cd!8m2!3d46.423669!4d-129.9427086!16s%2Fg%2F11lj9wyx57!19sChIJY95b_gK_woARzSBJvM451x8?authuser=0&hl=tr&rclk=1,
Satisfied Novelties,1,,http://www.satisfiednovelties.com/,,5,https://www.google.com/maps/place/Satisfied+Novelties/data=!4m7!3m6!1s0x80c2cd405178f333:0xf8807d7f3ecb4c7d!8m2!3d34.020479!4d-118.4117325!16s%2Fg%2F11ktzvhbgh!19sChIJM_N4UUDNwoARfUzLPn99gPg?authuser=0&hl=tr&rclk=1,
Bedroom Kandi by Tanasha,,,http://www.bedroomkandi.com/14106,,,https://www.google.com/maps/place/Bedroom+Kandi+by+Tanasha/data=!4m7!3m6!1s0x80c2b92e0cc99911:0xfab071b6a7b4994f!8m2!3d33.3773468!4d-96.184224!16s%2Fg%2F11jx1gvbr5!19sChIJEZnJDC65woART5m0p7ZxsPo?authuser=0&hl=tr&rclk=1,
Cherry Sensi LLC,,,http://www.cherrysensi.com/,,,https://www.google.com/maps/place/Cherry+Sensi+LLC/data=!4m7!3m6!1s0x80c2c758d129bca3:0xc1ba875096b7a230!8m2!3d34.0619565!4d-118.2951202!16s%2Fg%2F11v186_t_c!19sChIJo7wp0VjHwoARMKK3llCHusE?authuser=0&hl=tr&rclk=1,
KinkLab,,,http://www.kinklab.com/,,,https://www.google.com/maps/place/KinkLab/data=!4m7!3m6!1s0x80c2c72a5969bfd5:0x475f097a15414a5b!8m2!3d34.0878567!4d-118.2600382!16s%2Fg%2F11h71jqjxt!19sChIJ1b9pWSrHwoARW0pBFXoJX0c?authuser=0&hl=tr&rclk=1,
DiscretePleasuresllc,,,http://discretepleasuresllc.com/,,,https://www.google.com/maps/place/DiscretePleasuresllc/data=!4m7!3m6!1s0xccd8bceda03d9d1:0xbb1b43a85517f584!8m2!3d46.423669!4d-129.9427086!16s%2Fg%2F11q2x9tpsm!19sChIJ0dkD2s6LzQwRhPUXVahDG7s?authuser=0&hl=tr&rclk=1,
me so naughty,,,http://mesonaughty.org/,,,https://www.google.com/maps/place/me+so+naughty/data=!4m7!3m6!1s0x8931453fec392a83:0xaadd323e6bf546a9!8m2!3d34.020479!4d-118.4117325!16s%2Fg%2F11rw6ng32c!19sChIJgyo57D9FMYkRqUb1az4y3ao?authuser=0&hl=tr&rclk=1,
"Smoke Shop Online ""Ms. 420"".",,,https://smokeshoponlinems420.business.site/%3Futm_source%3Dgmb%26utm_medium%3Dreferral,,,https://www.google.com/maps/place/Smoke+Shop+Online+%22Ms.+420%22./data=!4m7!3m6!1s0x80c2cffacb263e43:0x4df2445f47e29e0c!8m2!3d39.9943325!4d-95.7944925!16s%2Fg%2F11qq4gx_kd!19sChIJQz4my_rPwoARDJ7iR19E8k0?authuser=0&hl=tr&rclk=1,
Lovethyself2dai,,,http://lovethyself2dai.ecwid.com/,,,https://www.google.com/maps/place/Lovethyself2dai/data=!4m7!3m6!1s0x80c2c91995d81345:0x6a863b50b79c2073!8m2!3d24.7745!4d-77.97155!16s%2Fg%2F11fkl8y9gg!19sChIJRRPYlRnJwoARcyCct1A7hmo?authuser=0&hl=tr&rclk=1,
Lunye's 2 cute,,,https://lunyes-2-cute.business.site/%3Futm_source%3Dgooglemybusiness%26utm_medium%3Dreferral,,,https://www.google.com/maps/place/Lunye%27s+2+cute/data=!4m7!3m6!1s0x80c2c9898369baed:0xffc0806ef7d03258!8m2!3d34.020479!4d-118.4117325!16s%2Fg%2F11h3n_jygj!19sChIJ7bppg4nJwoARWDLQ926AwP8?authuser=0&hl=tr&rclk=1,
USA Mall,,,http://usamallshop.com/,,,https://www.google.com/maps/place/USA+Mall/data=!4m7!3m6!1s0x80c2c777452fffff:0xcfb1ae6bc5a08ea9!8m2!3d34.061643!4d-118.2870293!16s%2Fg%2F11h71hnlr2!19sChIJ__8vRXfHwoARqY6gxWuusc8?authuser=0&hl=tr&rclk=1,